{"cameraMode":{"drawMode":0,"name":"Shaded","section":"Shading Mode"},"sceneLighting":true,"audioPlay":false,"sceneViewState":{"showFog":true,"showMaterialUpdate":false,"showSkybox":false,"showFlares":true,"showImageEffects":true,"showParticleSystems":true},"in2DMode":false,"pivot":{"x":9.399999618530274,"y":8.300000190734864,"z":-9.800000190734864},"rotation":{"x":-0.05926288291811943,"y":-0.9224728345870972,"z":0.34754738211631777,"w":-0.15729784965515138},"size":1.1461246013641358,"orthographic":false}