{"cameraMode":{"drawMode":0,"name":"Shaded","section":"Shading Mode"},"sceneLighting":true,"audioPlay":false,"sceneViewState":{"showFog":true,"showMaterialUpdate":false,"showSkybox":false,"showFlares":true,"showImageEffects":true,"showParticleSystems":true},"in2DMode":false,"pivot":{"x":9.399999618530274,"y":8.300000190734864,"z":-9.800000190734864},"rotation":{"x":0.34041354060173037,"y":0.5244601964950562,"z":-0.24046385288238526,"w":0.7424535751342773},"size":1.1461246013641358,"orthographic":false}